task,context,task_id,env,complexity,original_filename
"Создай функцию ЗаполнитьТабличнуюЧастьОстатками(ДокументОбъект), которая заполняет табличную часть документа «Заказ» «Товары» остатками из регистра «ТоварныеЗапасы» для склада и даты, заданных в документе. Отбирать только товары видом товара = Товар. Для каждой позиции остатка нужно добавить строку в табличную часть и перенести туда товар и количество.","{
  ""Documents"": [
    {
      ""id"": ""Заказ"",
      ""properties"": [
        ""Номер"": ""string"",
        ""Дата"": ""date"",
        ""Клиент"": ""Ref.Контрагенты"",
        ""Склад"": ""Ref.Склады"",
      ],
      ""tabularSections"": [
        {
          ""Товары"": [
            ""Товар"": ""Ref.Товары"",
            ""Количество"": ""number"",
            ""Цена"": ""number"",
            ""Сумма"": ""number""
          ]
        }
      ]
    }
  ]
}",task_001,server,low,
"Создай функцию ЗаполнитьТабличныйДокумент(ТабДокумент, Макет, Дата) которая выводит в табличный документ задолженность по контрагентам из регистра Взаиморасчеты на дату. В макете есть секции Шапка и Строка, в секции строка есть параметры “Контрагент” и “Задолженность”","{
  ""AccumulationRegisters"": [
    {
      ""id"": ""Взаиморасчеты"",
      ""name"": ""Взаиморасчеты"",
      ""RegisterType"": ""Balance"",
      ""Dimensions"": [
        {
          ""id"": ""Контрагент"",
          ""name"": ""Контрагент"",
          ""types"": [
            {
              ""type"": ""Ref"",
              ""id"": ""Справочник.Контрагенты""
            }
          ]
        },
        {
          ""id"": ""Валюта"",
          ""name"": ""Валюта"",
          ""types"": [
            {
              ""type"": ""Ref"",
              ""id"": ""Справочник.Валюты""
            }
          ]
        }
      ],
      ""Resources"": [
        {
          ""id"": ""Сумма"",
          ""name"": ""Сумма"",
          ""types"": [
            {
              ""type"": ""Number"",
              ""NumberQualifiers"": ""10.2""
            }
          ]
        }
      ]
    }
  ]
}",task_002,server,mid,
Создай функцию УстановитьСклад(ДокументОбъект) которая устанавливает во всех строках ТЧ «Товары» значение поля «СкладСтроки» равным реквизиту документа «Склад».,"{
  ""AccumulationRegisters"": [
    {
      ""id"": ""Взаиморасчеты"",
      ""name"": ""Взаиморасчеты"",
      ""RegisterType"": ""Balance"",
      ""Dimensions"": [
        {
          ""id"": ""Контрагент"",
          ""name"": ""Контрагент"",
          ""types"": [
            {
              ""type"": ""Ref"",
              ""id"": ""Справочник.Контрагенты""
            }
          ]
        },
        {
          ""id"": ""Валюта"",
          ""name"": ""Валюта"",
          ""types"": [
            {
              ""type"": ""Ref"",
              ""id"": ""Справочник.Валюты""
            }
          ]
        }
      ],
      ""Resources"": [
        {
          ""id"": ""Сумма"",
          ""name"": ""Сумма"",
          ""types"": [
            {
              ""type"": ""Number"",
              ""NumberQualifiers"": ""10.2""
            }
          ]
        }
      ]
    }
  ]
}",task_003,server,low,
Создай функцию УдалитьПоследнююЗапись(Валюта) которая удаляет последнюю по времени запись регистра сведений КурсыВалют с измерением Валюта = Валюта,"{
  ""InformationRegisters"": [
    {
      ""id"": ""КурсыВалют"",
      ""name"": ""Курсы валют"",
      ""InformationRegisterPeriodicity"": ""Day"",
      ""WriteMode"": ""Independent"",
      ""Dimensions"": [
        {
          ""id"": ""Валюта"",
          ""name"": ""Валюта"",
          ""types"": [
            {
              ""type"": ""Ref"",
              ""id"": ""Справочник.Валюты""
            }
          ]
        }
      ],
      ""Resources"": [
        {
          ""id"": ""Курс"",
          ""name"": ""Курс"",
          ""types"": [
            {
              ""type"": ""Number"",
              ""NumberQualifiers"": ""10.2""
            }
          ]
        }
      ]
    }
  ]
}",task_004,server,low,
Создай функцию НеУстановленыЦены(Поставщик) которая возвращает СписокЗначений с элементами справочника Товары у которых Поставщик = Поставщик и нет записи в регистре сведений ЦеныТоваров,"{
  ""InformationRegisters"": [
    {
      ""id"": ""ЦеныТоваров"",
      ""name"": ""Цены товаров"",
      ""InformationRegisterPeriodicity"": ""Day"",
      ""WriteMode"": ""Independent"",
      ""Dimensions"": [
        {
          ""id"": ""Товар"",
          ""name"": ""Товар"",
          ""types"": [
            {
              ""type"": ""Ref"",
              ""id"": ""Справочник.Товары""
            }
          ]
        },
        {
          ""id"": ""ВидЦен"",
          ""name"": ""Вид цен"",
          ""types"": [
            {
              ""type"": ""Ref"",
              ""id"": ""Справочник.ВидыЦен""
            }
          ]
        }
      ],
      ""Resources"": [
        {
          ""id"": ""Цена"",
          ""name"": ""Цена"",
          ""types"": [
            {
              ""type"": ""Number"",
              ""NumberQualifiers"": ""10.2""
            }
          ]
        }
      ]
    }
  ]
}",task_005,server,low,
"Создай функцию ВыгрузитьОстаткиСклада(Склад, МинимальныйОстаток, ФайлJson), которая получает остаки товаров склада на текущую дату из регистра ТоварныеЗапасы у которых остаток больше или равен значению МинимальныйОстаток. Записать файл в json формате как список с полями ""Товар_Код"", ""Товар_Наименование"", ""Остаток"" (число, округленное до целого). Строки списка должны быть упорядочены по возрастанию поля Товар_Код","{
  ""AccumulationRegisters"": [
    {
      ""id"": ""ТоварныеЗапасы"",
      ""name"": ""Товарные запасы"",
      ""RegisterType"": ""Balance"",
      ""Dimensions"": [
        {
          ""id"": ""Товар"",
          ""name"": ""Товар"",
          ""types"": [
            {
              ""type"": ""Ref"",
              ""id"": ""Справочник.Товары""
            }
          ]
        },
        {
          ""id"": ""Склад"",
          ""name"": ""Склад"",
          ""types"": [
            {
              ""type"": ""Ref"",
              ""id"": ""Справочник.Склады""
            }
          ]
        }
      ],
      ""Resources"": [
        {
          ""id"": ""Количество"",
          ""name"": ""Количество"",
          ""types"": [
            {
              ""type"": ""Number"",
              ""NumberQualifiers"": ""10.2""
            }
          ]
        }
      ]
    }
  ]
}",task_006,server,mid,
"создай функцию ВыбратьСтрокиТаблицы(Таблица, Склад, Наименование), которая получает на вход параметр типа ТаблицаЗначений
в которой есть колонки ""Склад"", ""Товар"" типа справочник Товары, ""Количество"". Нужно вернуть ТаблицуЗначений, в которую войдут только те строки из входной таблицы, 
у которых значение в колонке ""Склад"" равно параметру Склад, а значение в колонке ""Товар.Наименование"" содержит подстроку параметра ""Наименование"".",,task_007,server,low,
"Создай функцию УшедшийТовар(Дата1, Дата2), которая возвращает таблицу значений с товаром, который был на складе (любом) на Дата1, но отсутствует на складе на Дата2. 
Использовать остатки регистра ""ТоварныеЗапасы"".
В таблице должны быть колонки: ""Товар"" (ссылка на справочник Товары), ""Количество"" (количество товара на Дата1).","{
  ""AccumulationRegisters"": [
    {
      ""id"": ""ТоварныеЗапасы"",
      ""name"": ""Товарные запасы"",
      ""RegisterType"": ""Balance"",
      ""Dimensions"": [
        {
          ""id"": ""Товар"",
          ""name"": ""Товар"",
          ""types"": [
            {
              ""type"": ""Ref"",
              ""id"": ""Справочник.Товары""
            }
          ]
        },
        {
          ""id"": ""Склад"",
          ""name"": ""Склад"",
          ""types"": [
            {
              ""type"": ""Ref"",
              ""id"": ""Справочник.Склады""
            }
          ]
        }
      ],
      ""Resources"": [
        {
          ""id"": ""Количество"",
          ""name"": ""Количество"",
          ""types"": [
            {
              ""type"": ""Number"",
              ""NumberQualifiers"": ""10.2""
            }
          ]
        }
      ]
    }
  ]
}",task_008,server,mid,
"создай функцию ПросроченныеДолги(Дата, МинДолг, СрокДолга), которая возвращает таблицу значений с контрагентами, 
у которых на заданную дату есть долг больше МинДолг, и этот долг, или его часть, образовался более СрокДолга дней назад. Задолженность смотреть в регистре накопления Взаиморасчеты.
В таблице должны быть колонки: Контрагент, ДолгВсего, ДолгПросроченный, ДатаОбразованияДолга.","{
  ""AccumulationRegisters"": [
    {
      ""id"": ""Взаиморасчеты"",
      ""name"": ""Взаиморасчеты"",
      ""RegisterType"": ""Balance"",
      ""Dimensions"": [
        {
          ""id"": ""Контрагент"",
          ""name"": ""Контрагент"",
          ""types"": [
            {
              ""type"": ""Ref"",
              ""id"": ""Справочник.Контрагенты""
            }
          ]
        },
        {
          ""id"": ""Валюта"",
          ""name"": ""Валюта"",
          ""types"": [
            {
              ""type"": ""Ref"",
              ""id"": ""Справочник.Валюты""
            }
          ]
        }
      ],
      ""Resources"": [
        {
          ""id"": ""Сумма"",
          ""name"": ""Сумма"",
          ""types"": [
            {
              ""type"": ""Number"",
              ""NumberQualifiers"": ""10.2""
            }
          ]
        }
      ]
    }
  ]
}",task_009,server,high,
"создай функцию СоздатьИнтернетПочтовоеСообщение(Письмо, Отправитель)
Параметры:
 - Письмо - СправочникСсылка.ИсходящиеПисьма - элемент справочника, на основании которого
			следует оформить объект системы ИнтернетПочтовоеСообщение для дальнейшей
				отправки с помощью механизмов интернет почты.
- Отправитель - Строка – email отправителя почтового сообщения

Возвращаемое значение:
    Объект ИнтернетПочтовоеСообщение. Содержит почтовое сообщение, готовое к отправке.","{
  ""Catalogs"": [
    {
      ""id"": ""ИсходящиеПисьма"",
      ""name"": ""Исходящие письма"",
      ""Attributes"": [
        {
          ""id"": ""Дата"",
          ""name"": ""Дата"",
          ""types"": [
            {
              ""type"": ""Date""
            }
          ]
        },
        {
          ""id"": ""Получатель"",
          ""name"": ""Получатель"",
          ""types"": [
            {
              ""type"": ""String"",
              ""StringQualifiers"": ""0""
            }
          ]
        },
        {
          ""id"": ""Содержимое"",
          ""name"": ""Содержимое"",
          ""types"": []
        },
        {
          ""id"": ""Текст"",
          ""name"": ""Текст"",
          ""types"": [
            {
              ""type"": ""String"",
              ""StringQualifiers"": ""0""
            }
          ]
        },
        {
          ""id"": ""Контрагент"",
          ""name"": ""Контрагент"",
          ""types"": [
            {
              ""type"": ""Ref"",
              ""id"": ""Справочник.Контрагенты""
            }
          ]
        }
      ],
      ""TabularSections"": [
        {
          ""id"": ""Получатели"",
          ""name"": ""Получатели"",
          ""Attributes"": [
            {
              ""id"": ""ЭлектроннаяПочта"",
              ""name"": ""Электронная почта"",
              ""types"": [
                {
                  ""type"": ""String"",
                  ""StringQualifiers"": ""1000""
                }
              ]
            }
          ]
        }
      ]
    }
  ]
}",task_010,server,mid,
"Создай функцию СоздатьДвиженияРегистраПродажи(ДокументСсылка), которая удаляет текущие движения документа и записывает новые движения регистра накопления «Продажи» 
по табличной части «Товары» документа ""РасходТовара""","{
  ""Catalogs"": [
    {
      ""id"": ""ИсходящиеПисьма"",
      ""name"": ""Исходящие письма"",
      ""Attributes"": [
        {
          ""id"": ""Дата"",
          ""name"": ""Дата"",
          ""types"": [
            {
              ""type"": ""Date""
            }
          ]
        },
        {
          ""id"": ""Получатель"",
          ""name"": ""Получатель"",
          ""types"": [
            {
              ""type"": ""String"",
              ""StringQualifiers"": ""0""
            }
          ]
        },
        {
          ""id"": ""Содержимое"",
          ""name"": ""Содержимое"",
          ""types"": []
        },
        {
          ""id"": ""Текст"",
          ""name"": ""Текст"",
          ""types"": [
            {
              ""type"": ""String"",
              ""StringQualifiers"": ""0""
            }
          ]
        },
        {
          ""id"": ""Контрагент"",
          ""name"": ""Контрагент"",
          ""types"": [
            {
              ""type"": ""Ref"",
              ""id"": ""Справочник.Контрагенты""
            }
          ]
        }
      ],
      ""TabularSections"": [
        {
          ""id"": ""Получатели"",
          ""name"": ""Получатели"",
          ""Attributes"": [
            {
              ""id"": ""ЭлектроннаяПочта"",
              ""name"": ""Электронная почта"",
              ""types"": [
                {
                  ""type"": ""String"",
                  ""StringQualifiers"": ""1000""
                }
              ]
            }
          ]
        }
      ]
    }
  ]
}",task_011,server,low,
"Создай функцию ЗаменитьНоменклатуру(НоменклатураИсточник, НоменклатураЗамены, ДатаС, ДатаПо), которая находит документы ""Заказ"" в заданном интервале и в табличной части ""Товары"" 
заменяет номенклатуру НоменклатураИсточник на НоменклатураЗамены, оставляяя все прочие реквизиты низменными. Если в документе была хоть одна замена, и джокумент был проведен, документ перепроводится. 
Если документ помечен на удаление, пропускаем его. ","{
  ""Documents"": [
    {
      ""id"": ""Заказ"",
      ""properties"": [
        ""Номер"": ""string"",
        ""Дата"": ""date"",
        ""Клиент"": ""Ref.Контрагенты"",
        ""Склад"": ""Ref.Склады"",
      ],
      ""tabularSections"": [
        {
          ""Товары"": [
            ""Товар"": ""Ref.Товары"",
            ""Количество"": ""number"",
            ""Цена"": ""number"",
            ""Сумма"": ""number""
          ]
        }
      ]
    }
  ]
}",task_012,server,low,
"Создай функцию РасчетКомиссииМенеджера(ТаблицаКомиссий, Процент, ДатаС, ДатаПо), которая находит документы ""Заказ"" в заданном интервале и вычисляет комиссию менеджера исходя из сумм в табличной части Товары
1) Смотрим только проведенные заказы
2) Сумма заказа - это сумма всех строк по реквизиту Сумма
3) Комиссия менеджера - сумма всех заказов менеджера (реквизит Автор) в периоде, умноженная на Процент
Функция должна заполнить таблицу ТаблицаКомиссий, где должно быть три колонки: Менеджер (из реквизита Автор), СуммаЗаказов, Комиссия. Менеджер в таблице должен быть уникальным, один менеджер - одна строка ","{
  ""Documents"": [
    {
      ""id"": ""Заказ"",
      ""properties"": [
        ""Номер"": ""string"",
        ""Дата"": ""date"",
        ""Клиент"": ""Ref.Контрагенты"",
        ""Склад"": ""Ref.Склады"",
        ""Автор"": ""Ref.Пользователи"",
      ],
      ""tabularSections"": [
        {
          ""Товары"": [
            ""Товар"": ""Ref.Товары"",
            ""Количество"": ""number"",
            ""Цена"": ""number"",
            ""Сумма"": ""number""
          ]
        }
      ]
    }
  ]
}",task_013,server,mid,
"Создай функцию ПолучитьШиринуВысотуКартинкиИзФайлаJPEG(ИмяФайла), которая считывает jpeg файл и возвращает структуру с данными 
{ ""Высота"": <высота картинки в пикселах>, ""Ширина"": <ширина картинки в пикселах>} ",,task_014,server,high,
"Создай функцию ИзвлечьПартииФИФО(ТаблицаПартий, Сумма), которая возвращает таблицу партий на заданную сумму.
1) ТаблицаПартий имеет колонки ""Партия"", ""Дата"" типа Дата+Время, ""Сумма"" типа Число(14, 2)      
2) Нужно вернуть таблицу с аналогичными колонками, в которой будет список партий, идущих во времени первыми, которые в сумме дают Сумма
3) Если сумма накопленныех партий превышают требуемую, сумму последней по времени партии нужно подогнать, чтобы общаяя сумма сошлась с требуемым значением",,task_015,server,mid,
"Создай функцию ДополнитьТаблицуЗначениямиИзВторой(Таблица1, Таблица2, КолонкаУникальности), которая добавляет в начало первой ТЗ значения из второй ТЗ с обеспечением уникальности значения в колонке КолонкаУникальности
1) колонки обеих ТЗ совпадают   
2) Значения в КолонкаУникальности заполнены в обеих таблицах
",,task_016,server,mid,
"Создай функцию ОбъектВСтруктуру(ОбъектДанных) принимает на вход объект и возвращает структуру с данными полученными из этого объекта 
1) Если у объекта есть табличные части, реквизиты и значения каждой табличной части должны быть представлены как массив со структурами
2) Стандартные реквизиты (Код, Наименование, Дата, и т.д.) тоже должный быть в структуре ответа
3) Общий вид выходной структуры 
{ ""Реквизит1"": ЗначениеРеквизита1, 
...    
""РеквизитN"": ЗначениеРеквизитаN,
""ТабличныеЧасти"": [  
	{ 
		""ИмяТабличнойЧасти1"": [ 
			{
				""Реквизит1ТабличнойЧасти1"": ЗначениеРеквизита1ВСтроке1,     
				""Реквизит2ТабличнойЧасти1"": ЗначениеРеквизита2ВСтроке1,  
				...
			},
			{
				""Реквизит1ТабличнойЧасти1"": ЗначениеРеквизита1ВСтроке2,     
				""Реквизит2ТабличнойЧасти1"": ЗначениеРеквизита2ВСтроке2,  
				...
			},	
		]
	}
]
}",,task_017,server,high,
"Создай функцию СкачкиЦен(Процент) Которая возвращает таблицу значений с колонками Товар, ЦенаБыла, ЦенаСтала, ДатаИзменения. 
В таблицу помещаются все ситуации, когда рост цен от одной записи к другой по одному товару больше чем Процент. Использовать запрос","{
  ""InformationRegisters"": [
    {
      ""id"": ""ЦеныТоваров"",
      ""name"": ""Цены товаров"",
      ""InformationRegisterPeriodicity"": ""Day"",
      ""WriteMode"": ""Independent"",
      ""Dimensions"": [
        {
          ""id"": ""Товар"",
          ""name"": ""Товар"",
          ""types"": [
            {
              ""type"": ""Ref"",
              ""id"": ""Справочник.Товары""
            }
          ]
        },
        {
          ""id"": ""ВидЦен"",
          ""name"": ""Вид цен"",
          ""types"": [
            {
              ""type"": ""Ref"",
              ""id"": ""Справочник.ВидыЦен""
            }
          ]
        }
      ],
      ""Resources"": [
        {
          ""id"": ""Цена"",
          ""name"": ""Цена"",
          ""types"": [
            {
              ""type"": ""Number"",
              ""NumberQualifiers"": ""10.2""
            }
          ]
        }
      ]
    }
  ]
}",task_018,server,mid,
"Создай функцию ПересеченияРемонтов() которая возвращает пересечения периода ремонтов разных складов из регистра сведений ПериодыРемонтаСкладов
Возвращает таблицу значений с колонками Склад1, Склад2, НачалоПериода, КонецПериода. 
Где Склад1 и Склад2 - значения двух складов, периоды которых пересекаются, 
НачалоПериода и КонецПериода - начало и конец периодов пересечения.
Пример 
""Склад новый"" - ремонт с 12.08.2025 по 24.08.2025  
""Склад старый"" - ремонт с 22.08.2025 по 04.09.2025 

Результат: 
Склад1: ""Склад новый""
Склад2: ""Склад старый""   
НачалоПериода: 22.08.2025 
КонецПериода: 24.08.2025    

Результирующую таблицу отсортировать по возрастанию НачалоПериода                             

","{
  ""InformationRegisters"": [
    {
      ""id"": ""ПериодыРемонтаСкладов"",
      ""name"": ""Периоды ремонта складов"",
      ""InformationRegisterPeriodicity"": null,
      ""WriteMode"": ""Independent"",
      ""Dimensions"": [
        {
          ""id"": ""Склад"",
          ""name"": ""Склад"",
          ""types"": [
            {
              ""type"": ""Ref"",
              ""id"": ""Справочник.Склады""
            }
          ]
        },
        {
          ""id"": ""Начало"",
          ""name"": ""Начало"",
          ""types"": [
            {
              ""type"": ""Date""
            }
          ]
        },
        {
          ""id"": ""Окончание"",
          ""name"": ""Окончание"",
          ""types"": [
            {
              ""type"": ""Date""
            }
          ]
        }

      ],
      ""Resources"": []
    }
  ]
}
 
",task_019,server,mid,
"Создай функцию СформироватьОтчетПолучитьОстаток(Склад, Товар, Строка, Колонка) которая формирует отчет на сервере ""ОстаткиТоваровНаСкладах"" с отбором по складу и товару, 
и возвращает числовое значение из указанной ячейки табличного документа.  

Отчет ОстаткиТоваровНаСкладах сделан на СКД, основная схема которого имеет поля Склад и Товар для отбора.

Параметры функции:
- Склад - ссылка на элемент справочника Склады для отбора
- Товар - ссылка на элемент справочника Товары для отбора
- Строка - номер строки в табличном документе
- Колонка - номер колонки в табличном документе

Возвращаемое значение: целое число из указанной ячейки табличного документа.                           

",,task_020,server,high,
"Написать функция ЗаполнитьТабличнуюЧастьЗаказаЦенами(Заказ,ВидЦен).

Где параметры:

- Заказ - ДокументСсылка Заказ
- ВидЦен - СправочникСсылка ВидыЦен

Необходимо для каждой строки табличной части Товары документа Заказ:
- получить актуальную цену товара на дату документа Заказ из регистра сведений ЦеныТоваров по переданному виду цен;
- заполнить поле Цена.
- функция должна вернуть ссылку на заказ

Требования:
- Использовать запрос к СрезПоследних регистра сведений ЦеныТоваров.
- Не выполнять отдельный запрос на каждую строку (получение должно выполняться одним запросом).
- Заполнять только строки, где указан Товар. Если попались строки с пустым товаром - цену и сумму обнулить.
- Сохранить исходную сортировку табличной части
- Если к Товару цена не найдена, но при этом заполнена в табличной части - такую цену не обнулять, оставить исходную
- Пересчитать и заполнить сумму по каждой строке как Количество * Цена
- Все расчеты выполнить одним запросом","{""Documents"": [{""id"": ""Заказ"", ""name"": ""Заказ"", ""Attributes"": [{""id"": ""Покупатель"", ""name"": ""Покупатель"", ""types"": [{""type"": ""Ref"", ""id"": ""Справочник.Контрагенты""}]}, {""id"": ""Склад"", ""name"": ""Склад"", ""types"": [{""type"": ""Ref"", ""id"": ""Справочник.Склады""}]}, {""id"": ""Валюта"", ""name"": ""Валюта взаиморасчетов"", ""types"": [{""type"": ""Ref"", ""id"": ""Справочник.Валюты""}]}, {""id"": ""ВидЦен"", ""name"": ""Вид цен"", ""types"": [{""type"": ""Ref"", ""id"": ""Справочник.ВидыЦен""}]}, {""id"": ""Организация"", ""name"": ""Организация"", ""types"": [{""type"": ""Ref"", ""id"": ""Справочник.Организации""}]}, {""id"": ""СостояниеЗаказа"", ""name"": ""Состояние заказа"", ""types"": [{""type"": ""Ref"", ""id"": ""Перечисление.СостоянияЗаказов""}]}, {""id"": ""Автор"", ""name"": ""Автор"", ""types"": [{""type"": ""Ref"", ""id"": ""Справочник.Пользователи""}]}, {""id"": ""Сумма"", ""name"": ""Сумма"", ""types"": [{""type"": ""Number"", ""NumberQualifiers"": ""10.2""}]}], ""TabularSections"": [{""id"": ""Товары"", ""name"": ""Товары"", ""Attributes"": [{""id"": ""Товар"", ""name"": ""Товар"", ""types"": [{""type"": ""Ref"", ""id"": ""Справочник.Товары""}]}, {""id"": ""Цена"", ""name"": ""Цена"", ""types"": [{""type"": ""Number"", ""NumberQualifiers"": ""10.2""}]}, {""id"": ""Количество"", ""name"": ""Количество"", ""types"": [{""type"": ""Number"", ""NumberQualifiers"": ""10.0""}]}, {""id"": ""Сумма"", ""name"": ""Сумма"", ""types"": [{""type"": ""Number"", ""NumberQualifiers"": ""10.2""}]}]}]}], ""InformationRegisters"": [{""id"": ""ЦеныТоваров"", ""name"": ""Цены товаров"", ""InformationRegisterPeriodicity"": ""Day"", ""WriteMode"": ""Independent"", ""Dimensions"": [{""id"": ""Товар"", ""name"": ""Товар"", ""types"": [{""type"": ""Ref"", ""id"": ""Справочник.Товары""}]}, {""id"": ""ВидЦен"", ""name"": ""Вид цен"", ""types"": [{""type"": ""Ref"", ""id"": ""Справочник.ВидыЦен""}]}], ""Resources"": [{""id"": ""Цена"", ""name"": ""Цена"", ""types"": [{""type"": ""Number"", ""NumberQualifiers"": ""10.2""}]}]}], ""Catalogs"": [{""id"": ""ВидыЦен"", ""name"": ""Виды цен"", ""Attributes"": []}, {""id"": ""Товары"", ""name"": ""Товары"", ""Attributes"": [{""id"": ""Артикул"", ""name"": ""Артикул"", ""types"": [{""type"": ""String"", ""StringQualifiers"": ""15""}]}, {""id"": ""Поставщик"", ""name"": ""Поставщик"", ""types"": [{""type"": ""Ref"", ""id"": ""Справочник.Контрагенты""}]}, {""id"": ""ФайлКартинки"", ""name"": ""Картинка"", ""types"": [{""type"": ""Ref"", ""id"": ""Справочник.ХранимыеФайлы""}]}, {""id"": ""Вид"", ""name"": ""Вид"", ""types"": []}, {""id"": ""Штрихкод"", ""name"": ""Штрихкод"", ""types"": [{""type"": ""String"", ""StringQualifiers"": ""20""}]}, {""id"": ""Описание"", ""name"": ""Описание"", ""types"": [{""type"": ""String"", ""StringQualifiers"": ""0""}]}]}]}",task_021,server,high,Task2_Коробов_Сложная.epf
"Написать функцию ПолучитьСреднююЦенуПоНоменклатуре(ТаблицаПродаж). Функция принимает Таблицу значений.

Таблица значений содержит колонки:
- Номенклатура (Строка)
- Количество (Число)
- СуммаПродажи (Число)

Таблица может содержать несколько строк с одинаковой Номенклатурой.

Необходимо вернуть новую Таблицу значений с колонками:
- Номенклатура (Строка)
- Количество (Число)
- СуммаПродажи (Число)
- СредняяЦенаПродажи (Число)

Для каждой Номенклатуры должна остаться одна строка. Количество и Сумма должны быть суммой по всем исходным строкам.
СредняяЦена = Сумма / Количество. Если Количество = 0, то СредняяЦена = 0.

Требования:
- Использовать язык запросов.
- Не изменять входную ТаблицуЗначений.
- В возвращаемой таблице строки должны быть отсортированы по Номенклатуре по возрастанию.
- СредняяЦенаПродажи должна быть округлена до 15 знаков целочисленной части и до 2 знаков после запятой.",{},task_022,server,mid,Task2_Коробов_Средняя.epf
"Написать функцию ПолучитьОстатокНоменклатуры(Номенклатура, Склад, Дата).

Необходимо получить остаток указанной номенклатуры на указанном складе на указанную дату включительно. Остаток взять из регистра накопления ТоварныеЗапасы.

Функция должна вернуть число — остаток на дату.

Требования:
- Использовать запрос к виртуальной таблице Остатки регистра накопления.
- Если записи отсутствуют — вернуть 0.","{""AccumulationRegisters"": [{""id"": ""ТоварныеЗапасы"", ""name"": ""Товарные запасы"", ""RegisterType"": ""Balance"", ""Dimensions"": [{""id"": ""Товар"", ""name"": ""Товар"", ""types"": [{""type"": ""Ref"", ""id"": ""Справочник.Товары""}]}, {""id"": ""Склад"", ""name"": ""Склад"", ""types"": [{""type"": ""Ref"", ""id"": ""Справочник.Склады""}]}], ""Resources"": [{""id"": ""Количество"", ""name"": ""Количество"", ""types"": [{""type"": ""Number"", ""NumberQualifiers"": ""10.2""}]}]}]}",task_023,server,mid,Task3_Коробов_Средняя.epf
"Реализовать функцию импорта прайс-листа из CSV ЗагрузитьПрайсЛистИзCSV(ПутьКФайлу,ВидЦен).

Файл csv содержит 3 колонки
- Артикул
- Наименование
- Цена

Необходимо:
1) Прочитать файл.
2) Найти товар. Поиск должен быть осуществлен сначала по артикулу и наименованию. Если товар не найден - искать по артикулу. Если не найден - только по наименованию
3) Обновить цены в регистре сведений ЦеныТоваров по виду цен и найденной номенклатуре на начало текущего дня.

Функция должна вернуть структуру, содержащую:

- КоличествоОбработанныхСтрок - количество успешно обработанных строк
- ТаблицаОшибок - таблица с информацией, об ошибочно обработанных строках. В таблице две колонки: НомерСтроки - номер строки файла, Причина - описание ошибки.","{""InformationRegisters"": [{""id"": ""ЦеныТоваров"", ""name"": ""Цены товаров"", ""InformationRegisterPeriodicity"": ""Day"", ""WriteMode"": ""Independent"", ""Dimensions"": [{""id"": ""Товар"", ""name"": ""Товар"", ""types"": [{""type"": ""Ref"", ""id"": ""Справочник.Товары""}]}, {""id"": ""ВидЦен"", ""name"": ""Вид цен"", ""types"": [{""type"": ""Ref"", ""id"": ""Справочник.ВидыЦен""}]}], ""Resources"": [{""id"": ""Цена"", ""name"": ""Цена"", ""types"": [{""type"": ""Number"", ""NumberQualifiers"": ""10.2""}]}]}], ""Catalogs"": [{""id"": ""ВидыЦен"", ""name"": ""Виды цен"", ""Attributes"": []}, {""id"": ""Товары"", ""name"": ""Товары"", ""Attributes"": [{""id"": ""Артикул"", ""name"": ""Артикул"", ""types"": [{""type"": ""String"", ""StringQualifiers"": ""15""}]}, {""id"": ""Поставщик"", ""name"": ""Поставщик"", ""types"": [{""type"": ""Ref"", ""id"": ""Справочник.Контрагенты""}]}, {""id"": ""ФайлКартинки"", ""name"": ""Картинка"", ""types"": [{""type"": ""Ref"", ""id"": ""Справочник.ХранимыеФайлы""}]}, {""id"": ""Вид"", ""name"": ""Вид"", ""types"": []}, {""id"": ""Штрихкод"", ""name"": ""Штрихкод"", ""types"": [{""type"": ""String"", ""StringQualifiers"": ""20""}]}, {""id"": ""Описание"", ""name"": ""Описание"", ""types"": [{""type"": ""String"", ""StringQualifiers"": ""0""}]}]}]}",task_024,server,high,Task4_Коробов_Сложная.epf
"Написать функцию ПолучитьАктуальнуюЦену(Товар, ВидЦен, Дата).

Необходимо получить цену указанного товара по переданному виду цен на дату из регистра сведений ЦеныТоваров.

Функция должна вернуть число — цену.

Требования:
- Использовать запрос к СрезПоследних.
- Если цена не найдена — вернуть 0.","{""InformationRegisters"": [{""id"": ""ЦеныТоваров"", ""name"": ""Цены товаров"", ""InformationRegisterPeriodicity"": ""Day"", ""WriteMode"": ""Independent"", ""Dimensions"": [{""id"": ""Товар"", ""name"": ""Товар"", ""types"": [{""type"": ""Ref"", ""id"": ""Справочник.Товары""}]}, {""id"": ""ВидЦен"", ""name"": ""Вид цен"", ""types"": [{""type"": ""Ref"", ""id"": ""Справочник.ВидыЦен""}]}], ""Resources"": [{""id"": ""Цена"", ""name"": ""Цена"", ""types"": [{""type"": ""Number"", ""NumberQualifiers"": ""10.2""}]}]}]}",task_025,server,mid,Task4_Коробов_Средняя.epf
"Написать функцию ВыгрузитьТаблицуВCSV(ТаблицаДанных, ПутьФайла).

Функция должна:
1) Записать данные ТаблицаЗначений в CSV-файл по указанному пути.
2) Первая строка файла должна содержать заголовки колонок.
3) Вернуть строку — путь к созданному файлу.

Требования:
- Использовать файлы записи.
- Не изменять входную ТаблицуЗначений.
- Разделитель — "";"".
- Файл сохранить в каталог временных файлов",{},task_026,server,mid,Task5_Коробов_Средняя.epf
"Написать функцию СвернутьДубли(ТаблицаДанных).
ТаблицаЗначений содержит колонки:
- КлючСтроки (Строка длина 100)
- Значение (Число)

Таблица может содержать несколько строк с одинаковым значением поля Ключ.

Необходимо вернуть новую ТаблицуЗначений:
- КлючСтроки
- Значение

Для каждого значения Ключ должна остаться одна строка.
Значение должно быть суммой всех строк с одинаковым Ключ.

Требования:
- Использовать язык запросов.
- Не изменять входную таблицу.
- Результат отсортировать по Ключ.",{},task_027,server,mid,Task6_Коробов_Средняя.epf
"Написать функцию ПолучитьСреднийКурс(Валюта, ДатаНачала,ДатаОкончания).

Необходимо получить средний курс валюты из регистра сведений КурсыВалют за указанный период с точностью до 4 знаков после запятой

Функция должна вернуть число — средний курс валюты.

Требования:
- Использовать запрос к СрезПоследних регистра сведений КурсыВалют.
- Если курс отсутствует — вернуть Неопределено.","{""InformationRegisters"": [{""id"": ""КурсыВалют"", ""name"": ""Курсы валют"", ""InformationRegisterPeriodicity"": ""Day"", ""WriteMode"": ""Independent"", ""Dimensions"": [{""id"": ""Валюта"", ""name"": ""Валюта"", ""types"": [{""type"": ""Ref"", ""id"": ""Справочник.Валюты""}]}], ""Resources"": [{""id"": ""Курс"", ""name"": ""Курс"", ""types"": [{""type"": ""Number"", ""NumberQualifiers"": ""10.2""}]}]}]}",task_028,server,mid,Task7_Коробов_Средняя.epf
"Написать функцию ДобавитьХарактиристикуТовара(Товар, ВидХарактеристики, Значение, Замещать), которая добавляет характеристику товара и присваивает заданное значение характеристики.
Функция добавляет запись в регистр сведений ""Характеристики"". 

В случае, когда запись с заданными полями ""Товар"", ""ВидХарактеристики"" не существует, тогда функция добавляет новую запись в регистр.
Иначе, если:
  
1.Параметр функции ""Замещать"" = Ложь. Тогда если количество существующих записей равно 1, новая запись не добавлется.   
2.Параметр функции ""Замещать"" = Истина. Тогда если количество существующих записей равно 1, новая запись замещает существующую. 

В иных случаях новая запись добавляется и измерение ""Номер"" увеличивается на единицу.

Параметры функции:
Товар (тип: СправочникСсылка.Товар) - товар.
ВидХарактеристики (тип: ПланВидовХарактеристикСсылка.ВидыХарактеристик.Товары) - вид характиристики.
Значение (тип: Характеристика.ВидыХарактеристик) - значение характеристики товара.
Замещать (тип: Булево) - флаг замещения записи.","{""InformationRegisters"": [{""id"": ""Характеристики"", ""name"": ""Характеристики"", ""InformationRegisterPeriodicity"": ""Nonperiodical"", ""WriteMode"": ""Independent"", ""Dimensions"": [{""id"": ""Объект"", ""name"": ""Объект"", ""types"": [{""type"": ""Ref"", ""id"": ""Справочник.Контрагенты""}]}, {""id"": ""ВидХарактеристики"", ""name"": ""Вид характеристики"", ""types"": []}, {""id"": ""Номер"", ""name"": ""Номер"", ""types"": [{""type"": ""Number"", ""NumberQualifiers"": ""10.0""}]}], ""Resources"": [{""id"": ""Значение"", ""name"": ""Значение"", ""types"": []}]}], ""Catalogs"": [{""id"": ""ЗначенияХарактеристик"", ""name"": ""Значения характеристик"", ""Attributes"": []}, {""id"": ""Товары"", ""name"": ""Товары"", ""Attributes"": [{""id"": ""Артикул"", ""name"": ""Артикул"", ""types"": [{""type"": ""String"", ""StringQualifiers"": ""15""}]}, {""id"": ""Поставщик"", ""name"": ""Поставщик"", ""types"": [{""type"": ""Ref"", ""id"": ""Справочник.Контрагенты""}]}, {""id"": ""ФайлКартинки"", ""name"": ""Картинка"", ""types"": [{""type"": ""Ref"", ""id"": ""Справочник.ХранимыеФайлы""}]}, {""id"": ""Вид"", ""name"": ""Вид"", ""types"": []}, {""id"": ""Штрихкод"", ""name"": ""Штрихкод"", ""types"": [{""type"": ""String"", ""StringQualifiers"": ""20""}]}, {""id"": ""Описание"", ""name"": ""Описание"", ""types"": [{""type"": ""String"", ""StringQualifiers"": ""0""}]}]}]}",task_029,server,,task1_Куликова_v1.epf
"Написать функцию НайтиГруппировкуПоИмени(Структура, Имя) ищет в структуре настроек отчета группировку по имени элемента.
Возвращаемое значение функции имеет тип: ""ГруппировкаКомпоновкиДанных"" или ""ТаблицаКомпоновкиДанных"". Может быть Неопределено, если группировка не найдена.  

Параметры:
Структура (тип: КоллекцияЭлементовСтруктурыНастроекКомпоновкиДанных) - набор группировок данного уровня настроек.
Имя (тип: Строка) - имя искомого элемента структуры отчета.",{},task_030,server,high,task1_слож_Куликова_v1.epf
"Написать функцию ЗначенияРеквизитовОбъекта(Ссылка, Реквизиты), которая возвращает структуру, содержащую значения реквизитов, прочитанные из информационной базы по ссылке на объект.
Параметры:
Ссылка (тип: ЛюбаяСсылка) - объект, значения реквизитов которого необходимо получить.
Реквизиты (тип: Строка) - имена реквизитов, перечисленные через запятую в формате требований к свойствам структуры.             
          (тип: Структура)
          (тип:ФиксированнаяСтруктура) - в качестве ключа передается
                       псевдоним поля для возвращаемой структуры с результатом, а в качестве
                       значения (опционально) фактическое имя поля в таблице.
                       Если ключ задан, а значение не определено, то имя поля берется из ключа.
                       Допускается указание имени поля через точку
           (тип Массив из Строка)
           (тип ФиксированныйМассив из Строка) - имена реквизитов в формате требований к свойствам структуры.
Функция возвращает структуру, которая содержит имена(ключи) и значения требуемых реквизитов.

Если в параметр ""Реквизиты"" передана пустая строка, то возвращается пустая структура.
Если в параметр ""Ссылка"" передана пустая ссылка, то возвращается структура, соответствующуя именам реквизитов со значениями Неопределено.
Если в параметр ""Ссылка"" передана битая ссылка, то возвращается структура, соответствующуя именам реквизитов со значениями Неопределено. 
Если в параметр ""Реквизиты"" передано имя табличной части, то возвращается результат запроса.",{},task_031,server,high,task2_cложн_Куликова_v1.epf
"Написать функцию ПодставитьПараметрыВСтроку(ШаблонСтроки, Параметр1, Параметр2, Параметр3, Параметр4, Параметр5), которая подставляет параметры в строку. 
Параметры в строке задаются как %<номер параметра>. Нумерация параметров начинается с единицы.
Возвращает строку с подставленными параметрами. 

Параметры функции:
ШаблонСтроки (тип : Строка) - шаблон строки с параметрами (вхождениями вида ""%<номер параметра>"").
Параметр1 (тип : Строка) - значение подставляемого параметра.
Параметр2 (тип : Строка) - значение подставляемого параметра.
Параметр3 (тип : Строка) - значение подставляемого параметра. 
Параметр4 (тип : Строка) - значение подставляемого параметра.
Параметр5 (тип : Строка) - значение подставляемого параметра.",{},task_032,server,,task2_Куликова_v1.epf
"Написать функцию СформироватьРеестрРеализаций(),
которая формирует реестр документов реализации товаров в виде таблицы значений.
Реестр должен включать только проведенные документы «РасходТовара».
Данные выбираются из документа РасходТовара с отбором по признаку Проведен = Истина.
Результат должен представлять таблицу значений (ТаблицаЗначений), где каждая строка соответствует одному документу реализации.
Таблица должна содержать следующие поля:
Дата — дата документа реализации (в формате ДД.ММ.ГГГГ)
Покупатель — ссылка на контрагента (реквизит Покупатель документа РасходТовара)
Склад — склад, с которого произведена отгрузка (реквизит Склад)
Валюта — валюта документа (реквизит Валюта)
ВидЦен — вид цен, используемый в документе (реквизит ВидЦен)","{""Documents"": [{""id"": ""РасходТовара"", ""name"": ""Расход товара"", ""Attributes"": [{""id"": ""Покупатель"", ""name"": ""Покупатель"", ""types"": [{""type"": ""Ref"", ""id"": ""Справочник.Контрагенты""}]}, {""id"": ""Склад"", ""name"": ""Склад"", ""types"": [{""type"": ""Ref"", ""id"": ""Справочник.Склады""}]}, {""id"": ""Валюта"", ""name"": ""Валюта взиморасчетов"", ""types"": [{""type"": ""Ref"", ""id"": ""Справочник.Валюты""}]}, {""id"": ""ВидЦен"", ""name"": ""Вид цен"", ""types"": [{""type"": ""Ref"", ""id"": ""Справочник.ВидыЦен""}]}, {""id"": ""ОбоснованиеОтгрузки"", ""name"": ""Обоснование отгрузки"", ""types"": [{""type"": ""String"", ""StringQualifiers"": ""0""}]}, {""id"": ""Организация"", ""name"": ""Организация"", ""types"": [{""type"": ""Ref"", ""id"": ""Справочник.Организации""}]}], ""TabularSections"": [{""id"": ""Товары"", ""name"": ""Товары"", ""Attributes"": [{""id"": ""Товар"", ""name"": ""Товар"", ""types"": [{""type"": ""Ref"", ""id"": ""Справочник.Товары""}]}, {""id"": ""Цена"", ""name"": ""Цена"", ""types"": [{""type"": ""Number"", ""NumberQualifiers"": ""10.2""}]}, {""id"": ""Количество"", ""name"": ""Количество"", ""types"": [{""type"": ""Number"", ""NumberQualifiers"": ""10.2""}]}, {""id"": ""Сумма"", ""name"": ""Сумма"", ""types"": [{""type"": ""Number"", ""NumberQualifiers"": ""10.2""}]}]}]}], ""Catalogs"": [{""id"": ""Валюты"", ""name"": ""Валюты"", ""Attributes"": [{""id"": ""НаименованиеОсновнойВалюты"", ""name"": ""Наименование основной валюты"", ""types"": [{""type"": ""String"", ""StringQualifiers"": ""0""}]}, {""id"": ""НаименованиеРазменнойВалюты"", ""name"": ""Наименование разменной валюты"", ""types"": [{""type"": ""String"", ""StringQualifiers"": ""0""}]}]}, {""id"": ""ВидыЦен"", ""name"": ""Виды цен"", ""Attributes"": []}, {""id"": ""Контрагенты"", ""name"": ""Контрагенты"", ""Attributes"": [{""id"": ""Регион"", ""name"": ""Регион"", ""types"": [{""type"": ""Ref"", ""id"": ""Справочник.Регионы""}]}, {""id"": ""Индекс"", ""name"": ""Индекс"", ""types"": [{""type"": ""String"", ""StringQualifiers"": ""10""}]}, {""id"": ""Страна"", ""name"": ""Страна"", ""types"": [{""type"": ""String"", ""StringQualifiers"": ""0""}]}, {""id"": ""Город"", ""name"": ""Город"", ""types"": [{""type"": ""String"", ""StringQualifiers"": ""0""}]}, {""id"": ""Улица"", ""name"": ""Улица"", ""types"": [{""type"": ""String"", ""StringQualifiers"": ""0""}]}, {""id"": ""Дом"", ""name"": ""Дом"", ""types"": [{""type"": ""String"", ""StringQualifiers"": ""15""}]}, {""id"": ""Телефон"", ""name"": ""Телефон"", ""types"": [{""type"": ""String"", ""StringQualifiers"": ""16""}]}, {""id"": ""ЭлектроннаяПочта"", ""name"": ""Электронная почта"", ""types"": [{""type"": ""String"", ""StringQualifiers"": ""40""}]}, {""id"": ""Факс"", ""name"": ""Факс"", ""types"": [{""type"": ""String"", ""StringQualifiers"": ""16""}]}, {""id"": ""ВебСайт"", ""name"": ""Веб сайт"", ""types"": [{""type"": ""String"", ""StringQualifiers"": ""40""}]}, {""id"": ""ВидЦен"", ""name"": ""Вид цен"", ""types"": [{""type"": ""Ref"", ""id"": ""Справочник.ВидыЦен""}]}, {""id"": ""ДополнительнаяИнформация"", ""name"": ""Дополнительная информация"", ""types"": [{""type"": ""String"", ""StringQualifiers"": ""0""}]}, {""id"": ""КонтактноеЛицо"", ""name"": ""Контактное лицо"", ""types"": [{""type"": ""String"", ""StringQualifiers"": ""100""}]}, {""id"": ""Широта"", ""name"": ""Широта"", ""types"": [{""type"": ""Number"", ""NumberQualifiers"": ""10.6""}]}, {""id"": ""Долгота"", ""name"": ""Долгота"", ""types"": [{""type"": ""Number"", ""NumberQualifiers"": ""10.6""}]}]}, {""id"": ""Склады"", ""name"": ""Склады"", ""Attributes"": [{""id"": ""НеИспользовать"", ""name"": ""Не использовать"", ""types"": [{""type"": ""Boolean""}]}]}]}",task_033,server,mid,task2_Средняя_СформироватьРеестрРеализацийБезСФ_v2.epf
"Написать функцию ПолучитьТаблицуЗаказовПоКурсуВалют(ДатаНачала, ДатаОкончания), формирующая таблицу заказов за определенный период. 
Сумму документа пересчитать с учетом курса валют. Данные курсов валют следует брать из регистра сведений ""КурсыВалют"".
Функция должна выбирать только заказы непомеченные на удаления. 

Параметры функции:
ДатаНачала (тип: Дата) - дата начала периода.
ДатаОкончания (тип: Дата) - дата окончания периода. 
  
Если в качестве параметра ДатаНачала передана пустая дата, тогда отбирать документы, дата которых меньше параметра ДатаОкончания.
Если в качестве параметра ДатаОкончания передана пустая дата, тогда отбирать документы, дата которых больше параметра ДатаНачала.
Если в качестве параметров ДатаНачала и ДатаОкончания переданы пустые даты, тогда возвращаются все документы.
 
Вернуть таблицу с колонками:
Дата (тип: Число) - дата документа
Заказ (тип: ДокументСсылка.Заказ) - документ заказа.
Сумма (тип: Число) - сумма документа. 
Покупатель (тип: СправочникСсылка.Контаргент) - покупатель.

Строки таблицы отсортировать по убыванию Дата.","{""Documents"": [{""id"": ""Заказ"", ""name"": ""Заказ"", ""Attributes"": [{""id"": ""Покупатель"", ""name"": ""Покупатель"", ""types"": [{""type"": ""Ref"", ""id"": ""Справочник.Контрагенты""}]}, {""id"": ""Склад"", ""name"": ""Склад"", ""types"": [{""type"": ""Ref"", ""id"": ""Справочник.Склады""}]}, {""id"": ""Валюта"", ""name"": ""Валюта взаиморасчетов"", ""types"": [{""type"": ""Ref"", ""id"": ""Справочник.Валюты""}]}, {""id"": ""ВидЦен"", ""name"": ""Вид цен"", ""types"": [{""type"": ""Ref"", ""id"": ""Справочник.ВидыЦен""}]}, {""id"": ""Организация"", ""name"": ""Организация"", ""types"": [{""type"": ""Ref"", ""id"": ""Справочник.Организации""}]}, {""id"": ""СостояниеЗаказа"", ""name"": ""Состояние заказа"", ""types"": [{""type"": ""Ref"", ""id"": ""Перечисление.СостоянияЗаказов""}]}, {""id"": ""Автор"", ""name"": ""Автор"", ""types"": [{""type"": ""Ref"", ""id"": ""Справочник.Пользователи""}]}, {""id"": ""Сумма"", ""name"": ""Сумма"", ""types"": [{""type"": ""Number"", ""NumberQualifiers"": ""10.2""}]}], ""TabularSections"": [{""id"": ""Товары"", ""name"": ""Товары"", ""Attributes"": [{""id"": ""Товар"", ""name"": ""Товар"", ""types"": [{""type"": ""Ref"", ""id"": ""Справочник.Товары""}]}, {""id"": ""Цена"", ""name"": ""Цена"", ""types"": [{""type"": ""Number"", ""NumberQualifiers"": ""10.2""}]}, {""id"": ""Количество"", ""name"": ""Количество"", ""types"": [{""type"": ""Number"", ""NumberQualifiers"": ""10.0""}]}, {""id"": ""Сумма"", ""name"": ""Сумма"", ""types"": [{""type"": ""Number"", ""NumberQualifiers"": ""10.2""}]}]}]}], ""InformationRegisters"": [{""id"": ""КурсыВалют"", ""name"": ""Курсы валют"", ""InformationRegisterPeriodicity"": ""Day"", ""WriteMode"": ""Independent"", ""Dimensions"": [{""id"": ""Валюта"", ""name"": ""Валюта"", ""types"": [{""type"": ""Ref"", ""id"": ""Справочник.Валюты""}]}], ""Resources"": [{""id"": ""Курс"", ""name"": ""Курс"", ""types"": [{""type"": ""Number"", ""NumberQualifiers"": ""10.2""}]}]}], ""Catalogs"": [{""id"": ""Контрагенты"", ""name"": ""Контрагенты"", ""Attributes"": [{""id"": ""Регион"", ""name"": ""Регион"", ""types"": [{""type"": ""Ref"", ""id"": ""Справочник.Регионы""}]}, {""id"": ""Индекс"", ""name"": ""Индекс"", ""types"": [{""type"": ""String"", ""StringQualifiers"": ""10""}]}, {""id"": ""Страна"", ""name"": ""Страна"", ""types"": [{""type"": ""String"", ""StringQualifiers"": ""0""}]}, {""id"": ""Город"", ""name"": ""Город"", ""types"": [{""type"": ""String"", ""StringQualifiers"": ""0""}]}, {""id"": ""Улица"", ""name"": ""Улица"", ""types"": [{""type"": ""String"", ""StringQualifiers"": ""0""}]}, {""id"": ""Дом"", ""name"": ""Дом"", ""types"": [{""type"": ""String"", ""StringQualifiers"": ""15""}]}, {""id"": ""Телефон"", ""name"": ""Телефон"", ""types"": [{""type"": ""String"", ""StringQualifiers"": ""16""}]}, {""id"": ""ЭлектроннаяПочта"", ""name"": ""Электронная почта"", ""types"": [{""type"": ""String"", ""StringQualifiers"": ""40""}]}, {""id"": ""Факс"", ""name"": ""Факс"", ""types"": [{""type"": ""String"", ""StringQualifiers"": ""16""}]}, {""id"": ""ВебСайт"", ""name"": ""Веб сайт"", ""types"": [{""type"": ""String"", ""StringQualifiers"": ""40""}]}, {""id"": ""ВидЦен"", ""name"": ""Вид цен"", ""types"": [{""type"": ""Ref"", ""id"": ""Справочник.ВидыЦен""}]}, {""id"": ""ДополнительнаяИнформация"", ""name"": ""Дополнительная информация"", ""types"": [{""type"": ""String"", ""StringQualifiers"": ""0""}]}, {""id"": ""КонтактноеЛицо"", ""name"": ""Контактное лицо"", ""types"": [{""type"": ""String"", ""StringQualifiers"": ""100""}]}, {""id"": ""Широта"", ""name"": ""Широта"", ""types"": [{""type"": ""Number"", ""NumberQualifiers"": ""10.6""}]}, {""id"": ""Долгота"", ""name"": ""Долгота"", ""types"": [{""type"": ""Number"", ""NumberQualifiers"": ""10.6""}]}]}]}",task_034,server,,task3_Куликова_v2.epf
"Написать функцию СформироватьОтчетЗадолженностьКонтрагентов(ДатаНачала, ДатаОкончания, Валюта) которая формирует отчет на сервере ""ОтчетПоВзаиморасчетам""  на заданный период с отбором по Валюте и по СуммаКонечныйОстаток, где СуммаКонечныйОстаток < 0. 
Функция должна программно сформировать отчет ""ОтчетПоВзаиморасчетам"", вариант отчета ""Основной"". 
Настройки отчета:
	Параметры отчета: Период. 
	    Значения парамета: Период.ДатаНачала = ДатаНачала, Период.ДатаОкончания = ДатаОкончания. 
	Структура отчета: Таблица
	                     *cтроки: Контргант.    
	                     *столбцы: Валюта.
	Выбранные поля: СуммаКонечныйОстаток, Контрагент.
	Отбор: СуммаКонечныйОстаток < 0, Валюта = Валюта.
	Параметры вывода: ВыводитьПараметрыДанных = Не выводить,
	                  ВыводитьОтбор = Не выводить. 
	УсловноеОформление: 
	                 Оформление - Формат = ""ЧЦ=10; ЧДЦ=2; ЧО=1"".  
	                 Оформляемые поля - СуммаКонечныйОстаток
Параметры функции:  
ДатаНачала (тип: Дата) - начало периода.
ДатаОкончания (тип: Дата) - окончание периода.
Валюта (тип: СправочникСсылка.Валюты) - валюта.

Возвращаемое значение: ТабличныйДокумент.","{""Catalogs"": [{""id"": ""Валюты"", ""name"": ""Валюты"", ""Attributes"": [{""id"": ""НаименованиеОсновнойВалюты"", ""name"": ""Наименование основной валюты"", ""types"": [{""type"": ""String"", ""StringQualifiers"": ""0""}]}, {""id"": ""НаименованиеРазменнойВалюты"", ""name"": ""Наименование разменной валюты"", ""types"": [{""type"": ""String"", ""StringQualifiers"": ""0""}]}]}]}",task_035,server,high,task3_сложн_Куликова_v1.epf
"Написать функцию ПолучитьТаблицуНепрочитанныхПисемКонтрагентов(мКонтрагенты), которая формирует таблицу непрочитанных писем от контрагентов за предыдущий месяц.
Предыдущий месяц - это календарный месяц, предшествующий текущей дате. 
 
Таблица должна содержать колонки:
Письмо (тип: СправочникСсылка.ВходящиеПисьма) - письмо.
Тема (тип: Строка) - тема письма.
Контрагента (тип: СправочникСсылка.Контрагенты) - дата письма.
Дата (тип: Дата) - дата письма.

Параметры функции: 
мКонтрагенты (тип: Массив из СправочникСсылка.Контрагенты) - контрагенты для отбора писем.

Данные о состоянии письма берутся из регистра сведений ""СостояниеВходящихПисем"". Данные электронной почты контрагента хранятся в справочнике ""Контрагенты"".","{""InformationRegisters"": [{""id"": ""СостояниеВходящихПисем"", ""name"": ""Состояние входящих писем"", ""InformationRegisterPeriodicity"": ""Nonperiodical"", ""WriteMode"": ""Independent"", ""Dimensions"": [{""id"": ""Письмо"", ""name"": ""Письмо"", ""types"": [{""type"": ""Ref"", ""id"": ""Справочник.ВходящиеПисьма""}]}], ""Resources"": [{""id"": ""Прочитано"", ""name"": ""Прочитано"", ""types"": []}]}], ""Catalogs"": [{""id"": ""ВходящиеПисьма"", ""name"": ""Входящие письма"", ""Attributes"": [{""id"": ""Дата"", ""name"": ""Дата"", ""types"": [{""type"": ""Date""}]}, {""id"": ""Отправитель"", ""name"": ""Отправитель"", ""types"": [{""type"": ""String"", ""StringQualifiers"": ""0""}]}, {""id"": ""Текст"", ""name"": ""Текст"", ""types"": [{""type"": ""String"", ""StringQualifiers"": ""0""}]}, {""id"": ""ВидСодержимого"", ""name"": ""Вид содержимого"", ""types"": []}, {""id"": ""Идентификатор"", ""name"": ""Идентификатор"", ""types"": [{""type"": ""String"", ""StringQualifiers"": ""0""}]}, {""id"": ""ПочтовыйЯщик"", ""name"": ""Почтовый ящик"", ""types"": [{""type"": ""String"", ""StringQualifiers"": ""64""}]}]}, {""id"": ""Контрагенты"", ""name"": ""Контрагенты"", ""Attributes"": [{""id"": ""Регион"", ""name"": ""Регион"", ""types"": [{""type"": ""Ref"", ""id"": ""Справочник.Регионы""}]}, {""id"": ""Индекс"", ""name"": ""Индекс"", ""types"": [{""type"": ""String"", ""StringQualifiers"": ""10""}]}, {""id"": ""Страна"", ""name"": ""Страна"", ""types"": [{""type"": ""String"", ""StringQualifiers"": ""0""}]}, {""id"": ""Город"", ""name"": ""Город"", ""types"": [{""type"": ""String"", ""StringQualifiers"": ""0""}]}, {""id"": ""Улица"", ""name"": ""Улица"", ""types"": [{""type"": ""String"", ""StringQualifiers"": ""0""}]}, {""id"": ""Дом"", ""name"": ""Дом"", ""types"": [{""type"": ""String"", ""StringQualifiers"": ""15""}]}, {""id"": ""Телефон"", ""name"": ""Телефон"", ""types"": [{""type"": ""String"", ""StringQualifiers"": ""16""}]}, {""id"": ""ЭлектроннаяПочта"", ""name"": ""Электронная почта"", ""types"": [{""type"": ""String"", ""StringQualifiers"": ""40""}]}, {""id"": ""Факс"", ""name"": ""Факс"", ""types"": [{""type"": ""String"", ""StringQualifiers"": ""16""}]}, {""id"": ""ВебСайт"", ""name"": ""Веб сайт"", ""types"": [{""type"": ""String"", ""StringQualifiers"": ""40""}]}, {""id"": ""ВидЦен"", ""name"": ""Вид цен"", ""types"": [{""type"": ""Ref"", ""id"": ""Справочник.ВидыЦен""}]}, {""id"": ""ДополнительнаяИнформация"", ""name"": ""Дополнительная информация"", ""types"": [{""type"": ""String"", ""StringQualifiers"": ""0""}]}, {""id"": ""КонтактноеЛицо"", ""name"": ""Контактное лицо"", ""types"": [{""type"": ""String"", ""StringQualifiers"": ""100""}]}, {""id"": ""Широта"", ""name"": ""Широта"", ""types"": [{""type"": ""Number"", ""NumberQualifiers"": ""10.6""}]}, {""id"": ""Долгота"", ""name"": ""Долгота"", ""types"": [{""type"": ""Number"", ""NumberQualifiers"": ""10.6""}]}]}]}",task_036,server,,task4_Куликова_ v1.epf
"Написать функцию ВыгрузитьЗаказыВXMLФайл(),     
которая формирует выгрузку заказов в работе в файл формата XML.
Выгрузка должна включать только проведенные документы «Заказ».
Данные выбираются из документа Заказ с отбором по следующим условиям:
признак Проведен = Истина;
состояние заказа равно значению перечисления СостоянияЗаказов.ВРаботе.
Результат формирования должен представлять XML-файл, сохранённый во временный каталог, путь к которому возвращается функцией.
Структура формирования XML выполняется следующим образом:
Создаётся временный XML-файл в кодировке UTF-8.
В файл записывается объявление XML.
Формируется корневой элемент «Заказ» с атрибутом Имя = ""ЗаказТовары"".
Для каждой записи выборки из документа Заказ формируется элемент «Запись», содержащий детальные сведения о заказе.
После завершения записи всех элементов XML-документ корректно закрывается и сохраняется в файл.
Источник данных:
Документ.Заказ (реквизиты: Номер, Дата, Покупатель, Склад, Валюта, ВидЦен, Организация, СостояниеЗаказа);
дополнительные представления ссылочных реквизитов (Покупатель, Склад, Организация) используются для формирования читаемого текста.","{""Documents"": [{""id"": ""Заказ"", ""name"": ""Заказ"", ""Attributes"": [{""id"": ""Покупатель"", ""name"": ""Покупатель"", ""types"": [{""type"": ""Ref"", ""id"": ""Справочник.Контрагенты""}]}, {""id"": ""Склад"", ""name"": ""Склад"", ""types"": [{""type"": ""Ref"", ""id"": ""Справочник.Склады""}]}, {""id"": ""Валюта"", ""name"": ""Валюта взаиморасчетов"", ""types"": [{""type"": ""Ref"", ""id"": ""Справочник.Валюты""}]}, {""id"": ""ВидЦен"", ""name"": ""Вид цен"", ""types"": [{""type"": ""Ref"", ""id"": ""Справочник.ВидыЦен""}]}, {""id"": ""Организация"", ""name"": ""Организация"", ""types"": [{""type"": ""Ref"", ""id"": ""Справочник.Организации""}]}, {""id"": ""СостояниеЗаказа"", ""name"": ""Состояние заказа"", ""types"": [{""type"": ""Ref"", ""id"": ""Перечисление.СостоянияЗаказов""}]}, {""id"": ""Автор"", ""name"": ""Автор"", ""types"": [{""type"": ""Ref"", ""id"": ""Справочник.Пользователи""}]}, {""id"": ""Сумма"", ""name"": ""Сумма"", ""types"": [{""type"": ""Number"", ""NumberQualifiers"": ""10.2""}]}], ""TabularSections"": [{""id"": ""Товары"", ""name"": ""Товары"", ""Attributes"": [{""id"": ""Товар"", ""name"": ""Товар"", ""types"": [{""type"": ""Ref"", ""id"": ""Справочник.Товары""}]}, {""id"": ""Цена"", ""name"": ""Цена"", ""types"": [{""type"": ""Number"", ""NumberQualifiers"": ""10.2""}]}, {""id"": ""Количество"", ""name"": ""Количество"", ""types"": [{""type"": ""Number"", ""NumberQualifiers"": ""10.0""}]}, {""id"": ""Сумма"", ""name"": ""Сумма"", ""types"": [{""type"": ""Number"", ""NumberQualifiers"": ""10.2""}]}]}]}]}",task_037,server,mid,task4_СредняяВыгрузкаЗаказовВФайлXML_v2.epf
"Создай функцию РазложитьСтрокуВМассивПодстрок(Знач Стр, Разделитель = "",""), которая ""расщепляет"" строку на подстроки, используя заданный разделитель (параметр №2). 
Разделитель может иметь любую длину. Если в качестве разделителя задан пробел, рядом стоящие пробелы считаются одним разделителем, а ведущие и хвостовые пробелы параметра Стр игнорируются.
     Например,
      РазложитьСтрокуВМассивПодстрок("",один,,,два"", "","") возвратит массив значений из пяти элементов,
      три из которых - пустые строки, а
      РазложитьСтрокуВМассивПодстрок("" один   два"", "" "") возвратит массив значений из двух элементов
В качестве первого параметра передается строка, которую необходимо разложить, строка передается по значению, 
в качестве второго параметра ""Разделитель"" используется   строка-разделитель, по умолчанию - запятая.
Возвращает  массив значений, элементы которого - подстроки",{},task_038,server,,task_1_amir_v4.epf
"Создай функцию ЗарегистрированныеКОбменуБитыеСсылки(Узел, ТипМетаданных), которая вернет таблицу значений с колонками ""МетаИмя"" - Полное имя метаданных,""УИД"" - уникальный идентификатор ссылки и ТипМетаданных - тип значения ссылки,
 где параметр ТипМетаданных является не обязательным и может быть не указан, тогда отбор выполняется по всем ссылочным метаданным из состава плана обмена

Параметры:
 Узел     - ПланОбменаСсылка - узел плана обмена, по которому выполняется поиск
 ТипМетаданных - ОбъектМетаданных - метаданные из состава плана обмена. Значение по умолчанию Неопределено

Возвращает таблицу значений с колонками МетаИмя, ТипМетаданных, УИД содержащей значения из зарегистрированных объектов на узле плана обмена
Результатом решения является проверка на количество элементов в таблице значений",{},task_039,server,,task_3_amir.epf
"Создай клиентскую функцию НайтиАдресПоКоординатам(Широта, Долгота, APIКлюч), которая вернет строковое пресдтавление адреса при HTTP запросе к серверу geocode-maps.yandex.ru

Параметры:
 Широта - координата X      
 Долгота - координата Y 
 APIКлюч - ключ api яндекс гео 
 
Возвращает строковое представление адреса по координатам",{},task_040,server,,task_4_amir.epf
"Написать функцию ПроверкаЛимитаЗадолженности(Заказ, ЛимитВРублях), которая проверяет
превышение лимита дебиторской задолженности контрагента перед проведением заказа.
Учесть, что взаиморасчеты с контрагентами могут быть указаны в разных валюта.
Учесть, что заказ может быть в разных валютах.
Привести все расчеты к валюте Рубли (RUB).

Параметры:
- Заказ: Структура с полями:
    * Контрагент (СправочникСсылка.Контрагенты)
    * Валюта (СправочникСсылка.Валюты) — валюта суммы заказа
    * Дата (Дата)
    * Сумма (Число) — сумма заказа в валюте Заказ.Валюта
- ЛимитВРублях: Число — лимит в валюте RUB

Функция должна возвращать структуру, где:

Ключ СуммаДебиторскойЗадолженности, Значение - Сумма
Ключ СуммаДебиторскойЗадолженностиСЗаказом, Значение - Сумма
Ключ СуммаЗаказаВРублях, Значение - Сумма
Ключ ЛимитНеПревышен, Значение - Булево
Ключ СообщениеПользователю, Значение - Строка

Требования:
- Использовать запрос к виртуальной таблице Остатки регистра накопления Взаиморасчеты
- Использовать запрос к СрезПоследних регистра сведений КурсыВалют.","{""Documents"": [{""id"": ""Заказ"", ""name"": ""Заказ"", ""Attributes"": [{""id"": ""Покупатель"", ""name"": ""Покупатель"", ""types"": [{""type"": ""Ref"", ""id"": ""Справочник.Контрагенты""}]}, {""id"": ""Склад"", ""name"": ""Склад"", ""types"": [{""type"": ""Ref"", ""id"": ""Справочник.Склады""}]}, {""id"": ""Валюта"", ""name"": ""Валюта взаиморасчетов"", ""types"": [{""type"": ""Ref"", ""id"": ""Справочник.Валюты""}]}, {""id"": ""ВидЦен"", ""name"": ""Вид цен"", ""types"": [{""type"": ""Ref"", ""id"": ""Справочник.ВидыЦен""}]}, {""id"": ""Организация"", ""name"": ""Организация"", ""types"": [{""type"": ""Ref"", ""id"": ""Справочник.Организации""}]}, {""id"": ""СостояниеЗаказа"", ""name"": ""Состояние заказа"", ""types"": [{""type"": ""Ref"", ""id"": ""Перечисление.СостоянияЗаказов""}]}, {""id"": ""Автор"", ""name"": ""Автор"", ""types"": [{""type"": ""Ref"", ""id"": ""Справочник.Пользователи""}]}, {""id"": ""Сумма"", ""name"": ""Сумма"", ""types"": [{""type"": ""Number"", ""NumberQualifiers"": ""10.2""}]}], ""TabularSections"": [{""id"": ""Товары"", ""name"": ""Товары"", ""Attributes"": [{""id"": ""Товар"", ""name"": ""Товар"", ""types"": [{""type"": ""Ref"", ""id"": ""Справочник.Товары""}]}, {""id"": ""Цена"", ""name"": ""Цена"", ""types"": [{""type"": ""Number"", ""NumberQualifiers"": ""10.2""}]}, {""id"": ""Количество"", ""name"": ""Количество"", ""types"": [{""type"": ""Number"", ""NumberQualifiers"": ""10.0""}]}, {""id"": ""Сумма"", ""name"": ""Сумма"", ""types"": [{""type"": ""Number"", ""NumberQualifiers"": ""10.2""}]}]}]}], ""AccumulationRegisters"": [{""id"": ""Взаиморасчеты"", ""name"": ""Взаиморасчеты"", ""RegisterType"": ""Balance"", ""Dimensions"": [{""id"": ""Контрагент"", ""name"": ""Контрагент"", ""types"": [{""type"": ""Ref"", ""id"": ""Справочник.Контрагенты""}]}, {""id"": ""Валюта"", ""name"": ""Валюта"", ""types"": [{""type"": ""Ref"", ""id"": ""Справочник.Валюты""}]}], ""Resources"": [{""id"": ""Сумма"", ""name"": ""Сумма"", ""types"": [{""type"": ""Number"", ""NumberQualifiers"": ""10.2""}]}]}], ""InformationRegisters"": [{""id"": ""КурсыВалют"", ""name"": ""Курсы валют"", ""InformationRegisterPeriodicity"": ""Day"", ""WriteMode"": ""Independent"", ""Dimensions"": [{""id"": ""Валюта"", ""name"": ""Валюта"", ""types"": [{""type"": ""Ref"", ""id"": ""Справочник.Валюты""}]}], ""Resources"": [{""id"": ""Курс"", ""name"": ""Курс"", ""types"": [{""type"": ""Number"", ""NumberQualifiers"": ""10.2""}]}]}], ""Catalogs"": [{""id"": ""Валюты"", ""name"": ""Валюты"", ""Attributes"": [{""id"": ""НаименованиеОсновнойВалюты"", ""name"": ""Наименование основной валюты"", ""types"": [{""type"": ""String"", ""StringQualifiers"": ""0""}]}, {""id"": ""НаименованиеРазменнойВалюты"", ""name"": ""Наименование разменной валюты"", ""types"": [{""type"": ""String"", ""StringQualifiers"": ""0""}]}]}, {""id"": ""Контрагенты"", ""name"": ""Контрагенты"", ""Attributes"": [{""id"": ""Регион"", ""name"": ""Регион"", ""types"": [{""type"": ""Ref"", ""id"": ""Справочник.Регионы""}]}, {""id"": ""Индекс"", ""name"": ""Индекс"", ""types"": [{""type"": ""String"", ""StringQualifiers"": ""10""}]}, {""id"": ""Страна"", ""name"": ""Страна"", ""types"": [{""type"": ""String"", ""StringQualifiers"": ""0""}]}, {""id"": ""Город"", ""name"": ""Город"", ""types"": [{""type"": ""String"", ""StringQualifiers"": ""0""}]}, {""id"": ""Улица"", ""name"": ""Улица"", ""types"": [{""type"": ""String"", ""StringQualifiers"": ""0""}]}, {""id"": ""Дом"", ""name"": ""Дом"", ""types"": [{""type"": ""String"", ""StringQualifiers"": ""15""}]}, {""id"": ""Телефон"", ""name"": ""Телефон"", ""types"": [{""type"": ""String"", ""StringQualifiers"": ""16""}]}, {""id"": ""ЭлектроннаяПочта"", ""name"": ""Электронная почта"", ""types"": [{""type"": ""String"", ""StringQualifiers"": ""40""}]}, {""id"": ""Факс"", ""name"": ""Факс"", ""types"": [{""type"": ""String"", ""StringQualifiers"": ""16""}]}, {""id"": ""ВебСайт"", ""name"": ""Веб сайт"", ""types"": [{""type"": ""String"", ""StringQualifiers"": ""40""}]}, {""id"": ""ВидЦен"", ""name"": ""Вид цен"", ""types"": [{""type"": ""Ref"", ""id"": ""Справочник.ВидыЦен""}]}, {""id"": ""ДополнительнаяИнформация"", ""name"": ""Дополнительная информация"", ""types"": [{""type"": ""String"", ""StringQualifiers"": ""0""}]}, {""id"": ""КонтактноеЛицо"", ""name"": ""Контактное лицо"", ""types"": [{""type"": ""String"", ""StringQualifiers"": ""100""}]}, {""id"": ""Широта"", ""name"": ""Широта"", ""types"": [{""type"": ""Number"", ""NumberQualifiers"": ""10.6""}]}, {""id"": ""Долгота"", ""name"": ""Долгота"", ""types"": [{""type"": ""Number"", ""NumberQualifiers"": ""10.6""}]}]}]}",task_041,server,high,Коробов_Сложная_задача.epf
"Написать функцию ПолучитьОстаткиПоНоменклатуреПоВсемСкладам(ТаблицаТовары). Функция принимает ТаблицуЗначений.
Таблица значений содержит информацию по остаткам номенклатуры со следующими колонками:

- Номенклатура (Строка)
- Склад (Строка)
- Количество (Число)
- Сумма (Число)

Таблица может содержать несколько строк с одинаковой Номенклатурой по разным складам. 
Необходимо вернуть новую ТаблицуЗначений с тремя колонками:
- Номенклатура (Строка)
- Количество (Число)
- Сумма (Число)

Для каждой Номенклатуры должна остаться одна строка, а Количество и Сумма должны быть суммой по всем исходным строкам.

Требования:
- Использовать язык запросов.
- Не изменять входную ТаблицуЗначений.
- В возвращаемой таблице строки должны быть отсортированы по Номенклатуре по возрастанию.","{""AccumulationRegisters"": [{""id"": ""ТоварныеЗапасы"", ""name"": ""Товарные запасы"", ""RegisterType"": ""Balance"", ""Dimensions"": [{""id"": ""Товар"", ""name"": ""Товар"", ""types"": [{""type"": ""Ref"", ""id"": ""Справочник.Товары""}]}, {""id"": ""Склад"", ""name"": ""Склад"", ""types"": [{""type"": ""Ref"", ""id"": ""Справочник.Склады""}]}], ""Resources"": [{""id"": ""Количество"", ""name"": ""Количество"", ""types"": [{""type"": ""Number"", ""NumberQualifiers"": ""10.2""}]}]}], ""Catalogs"": [{""id"": ""Склады"", ""name"": ""Склады"", ""Attributes"": [{""id"": ""НеИспользовать"", ""name"": ""Не использовать"", ""types"": [{""type"": ""Boolean""}]}]}, {""id"": ""Товары"", ""name"": ""Товары"", ""Attributes"": [{""id"": ""Артикул"", ""name"": ""Артикул"", ""types"": [{""type"": ""String"", ""StringQualifiers"": ""15""}]}, {""id"": ""Поставщик"", ""name"": ""Поставщик"", ""types"": [{""type"": ""Ref"", ""id"": ""Справочник.Контрагенты""}]}, {""id"": ""ФайлКартинки"", ""name"": ""Картинка"", ""types"": [{""type"": ""Ref"", ""id"": ""Справочник.ХранимыеФайлы""}]}, {""id"": ""Вид"", ""name"": ""Вид"", ""types"": []}, {""id"": ""Штрихкод"", ""name"": ""Штрихкод"", ""types"": [{""type"": ""String"", ""StringQualifiers"": ""20""}]}, {""id"": ""Описание"", ""name"": ""Описание"", ""types"": [{""type"": ""String"", ""StringQualifiers"": ""0""}]}]}]}",task_042,server,mid,Коробов_Средняя_задача_V2.epf
"Написать функцию ПолучитьТаблицуАнализаПродаж(НачалоПериода, ОкончаниеПериода, НормаПродаж), которая формирует таблицу, анализирующую продажи товара за указанный период.
Таблица должна содержать колонки:
Товар (тип: СправочникСсылка.Товары) - проданный товар.
КоличествоДнейМин (тип: Число) - количество дней за период, когда товар не продавался(продажи = 0).
КоличествоДнейМакс - (тип: Число) - количество дней за период, когда продажи товара были максимальными.
КоличествоДнейНорма - (тип: Число) - количество дней за период, когда продажи товара превышали норму. 
СуммаВсего - (тип: Число) - сумма продаж за период.
ОстатокНаКонецПериода - (тип: Число) - остаток товара на конец периода.

Параметры функции: 
НачалоПериода (тип: Дата) - начало периода.
ОкончаниеПериода (тип: Дата) - окончание периода.
НормаПродаж (тип: Число) - норма, с которой сверяются продажи товара.

Данные продаж товаров берутся из регистра накопления ""Продажи"". Данные остатков по товарам берутся из регистра накопления ""ТоварныеЗапасы"".","{""AccumulationRegisters"": [{""id"": ""Продажи"", ""name"": ""Продажи"", ""RegisterType"": ""Turnovers"", ""Dimensions"": [{""id"": ""Покупатель"", ""name"": ""Покупатель"", ""types"": [{""type"": ""Ref"", ""id"": ""Справочник.Контрагенты""}]}, {""id"": ""Товар"", ""name"": ""Товар"", ""types"": [{""type"": ""Ref"", ""id"": ""Справочник.Товары""}]}], ""Resources"": [{""id"": ""Количество"", ""name"": ""Количество"", ""types"": [{""type"": ""Number"", ""NumberQualifiers"": ""10.2""}]}, {""id"": ""Сумма"", ""name"": ""Сумма"", ""types"": [{""type"": ""Number"", ""NumberQualifiers"": ""10.2""}]}]}, {""id"": ""ТоварныеЗапасы"", ""name"": ""Товарные запасы"", ""RegisterType"": ""Balance"", ""Dimensions"": [{""id"": ""Товар"", ""name"": ""Товар"", ""types"": [{""type"": ""Ref"", ""id"": ""Справочник.Товары""}]}, {""id"": ""Склад"", ""name"": ""Склад"", ""types"": [{""type"": ""Ref"", ""id"": ""Справочник.Склады""}]}], ""Resources"": [{""id"": ""Количество"", ""name"": ""Количество"", ""types"": [{""type"": ""Number"", ""NumberQualifiers"": ""10.2""}]}]}], ""Catalogs"": [{""id"": ""Товары"", ""name"": ""Товары"", ""Attributes"": [{""id"": ""Артикул"", ""name"": ""Артикул"", ""types"": [{""type"": ""String"", ""StringQualifiers"": ""15""}]}, {""id"": ""Поставщик"", ""name"": ""Поставщик"", ""types"": [{""type"": ""Ref"", ""id"": ""Справочник.Контрагенты""}]}, {""id"": ""ФайлКартинки"", ""name"": ""Картинка"", ""types"": [{""type"": ""Ref"", ""id"": ""Справочник.ХранимыеФайлы""}]}, {""id"": ""Вид"", ""name"": ""Вид"", ""types"": []}, {""id"": ""Штрихкод"", ""name"": ""Штрихкод"", ""types"": [{""type"": ""String"", ""StringQualifiers"": ""20""}]}, {""id"": ""Описание"", ""name"": ""Описание"", ""types"": [{""type"": ""String"", ""StringQualifiers"": ""0""}]}]}]}",task_043,server,high,Куликова_Сложная_задача.epf
"Создай функцию ЗаполнитьТабличныйДокумент(ТабДокумент, Макет, Дата, ВидЦен) которая выводит в табличный документ актуальные цены товаров на заданную дату.
 
Параметры функции:
ТабДокумент (тип: ТабличныйДокумент) - результирующий табличный документ. 
Макет - (тип: ТабличныйДокумент). Шаблон, по которому заполняется табличный документ. В макете есть области Шапка, ШапкаТаблицы и Строка. 
В области Шапка есть параметр ""НаДату"", в области Строка есть параметры ""Товар"", ""Артикул"", ""ВидЦен"", ""Цена"". 
Дата (тип: Дата) - дата, на которую нужно получить цены товаров. 
ВидЦен - (тип: СправочникСсылка.ВидыЦен) - вид используемых цен товаров. Параметр может быть не задан, тогда выводятся цены товаров с учетом различных видов цен. 

Данные цен товаров хранятся в регистре сведений ""ЦеныТоваров"".","{""InformationRegisters"": [{""id"": ""ЦеныТоваров"", ""name"": ""Цены товаров"", ""InformationRegisterPeriodicity"": ""Day"", ""WriteMode"": ""Independent"", ""Dimensions"": [{""id"": ""Товар"", ""name"": ""Товар"", ""types"": [{""type"": ""Ref"", ""id"": ""Справочник.Товары""}]}, {""id"": ""ВидЦен"", ""name"": ""Вид цен"", ""types"": [{""type"": ""Ref"", ""id"": ""Справочник.ВидыЦен""}]}], ""Resources"": [{""id"": ""Цена"", ""name"": ""Цена"", ""types"": [{""type"": ""Number"", ""NumberQualifiers"": ""10.2""}]}]}], ""Catalogs"": [{""id"": ""ВидыЦен"", ""name"": ""Виды цен"", ""Attributes"": []}, {""id"": ""Товары"", ""name"": ""Товары"", ""Attributes"": [{""id"": ""Артикул"", ""name"": ""Артикул"", ""types"": [{""type"": ""String"", ""StringQualifiers"": ""15""}]}, {""id"": ""Поставщик"", ""name"": ""Поставщик"", ""types"": [{""type"": ""Ref"", ""id"": ""Справочник.Контрагенты""}]}, {""id"": ""ФайлКартинки"", ""name"": ""Картинка"", ""types"": [{""type"": ""Ref"", ""id"": ""Справочник.ХранимыеФайлы""}]}, {""id"": ""Вид"", ""name"": ""Вид"", ""types"": []}, {""id"": ""Штрихкод"", ""name"": ""Штрихкод"", ""types"": [{""type"": ""String"", ""StringQualifiers"": ""20""}]}, {""id"": ""Описание"", ""name"": ""Описание"", ""types"": [{""type"": ""String"", ""StringQualifiers"": ""0""}]}]}]}",task_044,server,mid,Куликова_Средняя_задача.epf
"Написать функцию НайтиКонтрагентовПоКонтактнойИнформации(СтрокаКонтактнойИнформации), 
которая возвращает стуктуру со ссылками на найденных контрагентов вида:
	Ключ: ""КонтактнаяИнформация"",			Значение: тип Строка - переданное значение ""СтрокаКонтактнойИнформации""
	Ключ: ""Количество"",						Значение: тип Число - количество найденных соответствий
	Ключ: ""КоличествоПолныхСоответствий"",	Значение: тип Число - количество полных соответствий
	Ключ: ""Контрагенты"",					Значение: тип ТаблицаЗначений - с колонками 
		""Контрагент""				- тип СправочникСсылка.Контрагенты 
		""ТипКонтактнойИнформации""	- тип Строка, принимающая одно из значений ""Телефон"", ""Факс"", ""ЭлектроннаяПочта"", ""ВебСайт"" и равно имени поля, где найдено соответствие
		""Значение"" 					- тип Строка, найденное значение
		""ПолноеСоответствие""		- тип Булево, 
			""Истина""	- содержимое полей ""Телефон"",""Факс"" равно ""СтрокаКонтактнойИнформации"" после удаления всех символов кроме цифр в сравниваемых значениях
						или содержимое полей ""ЭлектроннаяПочта"", ""ВебСайт"" равно ""СтрокаКонтактнойИнформации"" после удаления пробелов в началах и концах строк;
			""Ложь""		- в противном случае 
		таблица значений должна быть отсортирована так, чтобы сначала выводились контрагенты, имеющие ""ПолноеСоответствие""е
Параметры функции: 
	""СтрокаКонтактнойИнформации"" - тип Строка, номер телефона, адрес e-mail или web-сайта, может быть передана только часть искомого значения (например ""5289621"", ""528-96-"", ""@techno.ru"" и т.п.)
								Если передана пустая строка, то возвращается структура со значениями ключей = ""Неопределено""
	
Данные контрагентов хранятся в справочнике ""Контрагенты""","{""Catalogs"": [{""id"": ""Контрагенты"", ""name"": ""Контрагенты"", ""Attributes"": [{""id"": ""Регион"", ""name"": ""Регион"", ""types"": [{""type"": ""Ref"", ""id"": ""Справочник.Регионы""}]}, {""id"": ""Индекс"", ""name"": ""Индекс"", ""types"": [{""type"": ""String"", ""StringQualifiers"": ""10""}]}, {""id"": ""Страна"", ""name"": ""Страна"", ""types"": [{""type"": ""String"", ""StringQualifiers"": ""0""}]}, {""id"": ""Город"", ""name"": ""Город"", ""types"": [{""type"": ""String"", ""StringQualifiers"": ""0""}]}, {""id"": ""Улица"", ""name"": ""Улица"", ""types"": [{""type"": ""String"", ""StringQualifiers"": ""0""}]}, {""id"": ""Дом"", ""name"": ""Дом"", ""types"": [{""type"": ""String"", ""StringQualifiers"": ""15""}]}, {""id"": ""Телефон"", ""name"": ""Телефон"", ""types"": [{""type"": ""String"", ""StringQualifiers"": ""16""}]}, {""id"": ""ЭлектроннаяПочта"", ""name"": ""Электронная почта"", ""types"": [{""type"": ""String"", ""StringQualifiers"": ""40""}]}, {""id"": ""Факс"", ""name"": ""Факс"", ""types"": [{""type"": ""String"", ""StringQualifiers"": ""16""}]}, {""id"": ""ВебСайт"", ""name"": ""Веб сайт"", ""types"": [{""type"": ""String"", ""StringQualifiers"": ""40""}]}, {""id"": ""ВидЦен"", ""name"": ""Вид цен"", ""types"": [{""type"": ""Ref"", ""id"": ""Справочник.ВидыЦен""}]}, {""id"": ""ДополнительнаяИнформация"", ""name"": ""Дополнительная информация"", ""types"": [{""type"": ""String"", ""StringQualifiers"": ""0""}]}, {""id"": ""КонтактноеЛицо"", ""name"": ""Контактное лицо"", ""types"": [{""type"": ""String"", ""StringQualifiers"": ""100""}]}, {""id"": ""Широта"", ""name"": ""Широта"", ""types"": [{""type"": ""Number"", ""NumberQualifiers"": ""10.6""}]}, {""id"": ""Долгота"", ""name"": ""Долгота"", ""types"": [{""type"": ""Number"", ""NumberQualifiers"": ""10.6""}]}]}]}",task_045,server,high,Петров_Сложная_Задача.epf
"Написать функцию ВыполнитьABCАнализПродаж(ДатаНач, ДатаКон),
которая выполняет ABC-анализ продаж товаров за указанный период и возвращает таблицу с результатами анализа.
ДатаНачала (тип: Дата) — начало периода анализа
ДатаОкончания (тип: Дата) — окончание периода анализа
Источник данных
Данные берутся из регистра накопления Продажи.
Используются:
измерение Товар
ресурс Сумма
В анализ включаются обороты за период между ДатаНачала и ДатаОкончания.
Определить категорию:
A — товары, формирующие первые 80% оборота
B — следующие 15% оборота (до 95%)
C — оставшиеся 5%
Проценты должны рассчитываться динамически от фактической общей суммы продаж.
Требования к результату
Функция должна возвращать ТаблицуЗначений, содержащую поля:
Товар — ссылка на товар
НаименованиеТовара — представление товара
СуммаПродаж — сумма продаж за период
ДоляПроцентов — процент вклада в общий оборот
НакопительныйПроцент — накопительный процент
КатегорияABC — строка: ""A"", ""B"" или ""C""","{""AccumulationRegisters"": [{""id"": ""Продажи"", ""name"": ""Продажи"", ""RegisterType"": ""Turnovers"", ""Dimensions"": [{""id"": ""Покупатель"", ""name"": ""Покупатель"", ""types"": [{""type"": ""Ref"", ""id"": ""Справочник.Контрагенты""}]}, {""id"": ""Товар"", ""name"": ""Товар"", ""types"": [{""type"": ""Ref"", ""id"": ""Справочник.Товары""}]}], ""Resources"": [{""id"": ""Количество"", ""name"": ""Количество"", ""types"": [{""type"": ""Number"", ""NumberQualifiers"": ""10.2""}]}, {""id"": ""Сумма"", ""name"": ""Сумма"", ""types"": [{""type"": ""Number"", ""NumberQualifiers"": ""10.2""}]}]}], ""Catalogs"": [{""id"": ""Товары"", ""name"": ""Товары"", ""Attributes"": [{""id"": ""Артикул"", ""name"": ""Артикул"", ""types"": [{""type"": ""String"", ""StringQualifiers"": ""15""}]}, {""id"": ""Поставщик"", ""name"": ""Поставщик"", ""types"": [{""type"": ""Ref"", ""id"": ""Справочник.Контрагенты""}]}, {""id"": ""ФайлКартинки"", ""name"": ""Картинка"", ""types"": [{""type"": ""Ref"", ""id"": ""Справочник.ХранимыеФайлы""}]}, {""id"": ""Вид"", ""name"": ""Вид"", ""types"": []}, {""id"": ""Штрихкод"", ""name"": ""Штрихкод"", ""types"": [{""type"": ""String"", ""StringQualifiers"": ""20""}]}, {""id"": ""Описание"", ""name"": ""Описание"", ""types"": [{""type"": ""String"", ""StringQualifiers"": ""0""}]}]}]}",task_046,server,high,Попков_Сложная_задача.epf
"Написать функцию ВыгрузитьЗадолженностьВФайлJSON(),
которая выгружает текущую дебиторскую и кредиторскую задолженность контрагентов во временный файл формата JSON.
Файл должен представлять массив записей, каждая запись должна содержать поля:
Контрагент — наименование контрагента
КодКонтрагента — код контрагента (реквизит Код справочника Контрагенты)
СуммаОстаток — сумма задолженности
ВидЗадолженности — строковое значение:
""Дебиторская"" — если сумма остатка больше 0
""Кредиторская"" — если сумма остатка меньше 0
Данные о задолженности берутся из регистра накопления Взаиморасчеты (используются текущие остатки).
Функция должна возвращать путь к получившемуся файлу.","{""AccumulationRegisters"": [{""id"": ""Взаиморасчеты"", ""name"": ""Взаиморасчеты"", ""RegisterType"": ""Balance"", ""Dimensions"": [{""id"": ""Контрагент"", ""name"": ""Контрагент"", ""types"": [{""type"": ""Ref"", ""id"": ""Справочник.Контрагенты""}]}, {""id"": ""Валюта"", ""name"": ""Валюта"", ""types"": [{""type"": ""Ref"", ""id"": ""Справочник.Валюты""}]}], ""Resources"": [{""id"": ""Сумма"", ""name"": ""Сумма"", ""types"": [{""type"": ""Number"", ""NumberQualifiers"": ""10.2""}]}]}], ""Catalogs"": [{""id"": ""Контрагенты"", ""name"": ""Контрагенты"", ""Attributes"": [{""id"": ""Регион"", ""name"": ""Регион"", ""types"": [{""type"": ""Ref"", ""id"": ""Справочник.Регионы""}]}, {""id"": ""Индекс"", ""name"": ""Индекс"", ""types"": [{""type"": ""String"", ""StringQualifiers"": ""10""}]}, {""id"": ""Страна"", ""name"": ""Страна"", ""types"": [{""type"": ""String"", ""StringQualifiers"": ""0""}]}, {""id"": ""Город"", ""name"": ""Город"", ""types"": [{""type"": ""String"", ""StringQualifiers"": ""0""}]}, {""id"": ""Улица"", ""name"": ""Улица"", ""types"": [{""type"": ""String"", ""StringQualifiers"": ""0""}]}, {""id"": ""Дом"", ""name"": ""Дом"", ""types"": [{""type"": ""String"", ""StringQualifiers"": ""15""}]}, {""id"": ""Телефон"", ""name"": ""Телефон"", ""types"": [{""type"": ""String"", ""StringQualifiers"": ""16""}]}, {""id"": ""ЭлектроннаяПочта"", ""name"": ""Электронная почта"", ""types"": [{""type"": ""String"", ""StringQualifiers"": ""40""}]}, {""id"": ""Факс"", ""name"": ""Факс"", ""types"": [{""type"": ""String"", ""StringQualifiers"": ""16""}]}, {""id"": ""ВебСайт"", ""name"": ""Веб сайт"", ""types"": [{""type"": ""String"", ""StringQualifiers"": ""40""}]}, {""id"": ""ВидЦен"", ""name"": ""Вид цен"", ""types"": [{""type"": ""Ref"", ""id"": ""Справочник.ВидыЦен""}]}, {""id"": ""ДополнительнаяИнформация"", ""name"": ""Дополнительная информация"", ""types"": [{""type"": ""String"", ""StringQualifiers"": ""0""}]}, {""id"": ""КонтактноеЛицо"", ""name"": ""Контактное лицо"", ""types"": [{""type"": ""String"", ""StringQualifiers"": ""100""}]}, {""id"": ""Широта"", ""name"": ""Широта"", ""types"": [{""type"": ""Number"", ""NumberQualifiers"": ""10.6""}]}, {""id"": ""Долгота"", ""name"": ""Долгота"", ""types"": [{""type"": ""Number"", ""NumberQualifiers"": ""10.6""}]}]}]}",task_047,server,mid,Попков_Средняя_задача.epf
"Написать функцию ПериодыУстановленныхКурсовВалют() возвращающую таблицу значений с курсами валют по периодам.
Колонки таблицы:
Валюта - Ссылка на справочник Валюты
НачалоПериода - Дата с которой установлен курс
КонецПериода - Дата по которую курс действут
Курс - значение курса валюты
Строки таблицы значений должны быть упорядочены по валюте (в алфавитном порядке) и началу периода.
Последовательные периоды с одним курсом должны быть объединены в 1 период.
Таблица должнв быть получена запросом и возвращена методом Запрос.Выполнить().Выгрузить().
Для текущих курсов КонецПериода должен быть '39991231235959'","{""InformationRegisters"": [{""id"": ""КурсыВалют"", ""name"": ""Курсы валют"", ""InformationRegisterPeriodicity"": ""Day"", ""WriteMode"": ""Independent"", ""Dimensions"": [{""id"": ""Валюта"", ""name"": ""Валюта"", ""types"": [{""type"": ""Ref"", ""id"": ""Справочник.Валюты""}]}], ""Resources"": [{""id"": ""Курс"", ""name"": ""Курс"", ""types"": [{""type"": ""Number"", ""NumberQualifiers"": ""10.2""}]}]}], ""Catalogs"": [{""id"": ""Валюты"", ""name"": ""Валюты"", ""Attributes"": [{""id"": ""НаименованиеОсновнойВалюты"", ""name"": ""Наименование основной валюты"", ""types"": [{""type"": ""String"", ""StringQualifiers"": ""0""}]}, {""id"": ""НаименованиеРазменнойВалюты"", ""name"": ""Наименование разменной валюты"", ""types"": [{""type"": ""String"", ""StringQualifiers"": ""0""}]}]}]}",task_048,server,mid,Чудородов_Средняя_задача.epf
